{"AT":{"count":49.0,"mean":0.0034925713,"std":0.0033868714,"min":0.0001793476,"1%":0.0002830731,"5%":0.0006831053,"10%":0.0009372463,"33%":0.0017300202,"50%":0.0018212691,"66%":0.0045147298,"75%":0.0056914568,"80%":0.0057348511,"90%":0.005862111,"99%":0.0152014884,"max":0.0209772356},"AU":{"count":5873.0,"mean":0.0010195382,"std":0.0015887885,"min":0.0001000503,"1%":0.0001065896,"5%":0.0001197286,"10%":0.0001333647,"33%":0.0002977323,"50%":0.0004879448,"66%":0.0007783061,"75%":0.0011227634,"80%":0.0012525994,"90%":0.0023305561,"99%":0.0086667276,"max":0.0149937596},"BE":{"count":81.0,"mean":0.00220848,"std":0.0032038978,"min":0.0001469189,"1%":0.0001959182,"5%":0.0004452958,"10%":0.0005151736,"33%":0.000696546,"50%":0.0007532505,"66%":0.0012313541,"75%":0.00126522,"80%":0.0013838773,"90%":0.006457434,"99%":0.0146363838,"max":0.0196901766},"BG":{"count":609.0,"mean":0.0052240103,"std":0.0075126262,"min":0.000100716,"1%":0.0001058841,"5%":0.0001309633,"10%":0.0001639075,"33%":0.0010178421,"50%":0.0020991116,"66%":0.0040725748,"75%":0.0063042464,"80%":0.0076842048,"90%":0.0136912545,"99%":0.0319266399,"max":0.0520940866},"BR":{"count":1897.0,"mean":0.0005058883,"std":0.0005274431,"min":0.0001002864,"1%":0.0001087346,"5%":0.0001208731,"10%":0.0001208875,"33%":0.0002144346,"50%":0.0002873271,"66%":0.0005481239,"75%":0.0005919587,"80%":0.0006409029,"90%":0.0009973113,"99%":0.0024921321,"max":0.0047555344},"CA":{"count":602.0,"mean":0.0009052867,"std":0.0011694072,"min":0.0001024355,"1%":0.0001215946,"5%":0.0001353066,"10%":0.0001863516,"33%":0.0003363911,"50%":0.0004976489,"66%":0.0009436368,"75%":0.0011275322,"80%":0.0013137791,"90%":0.0019381136,"99%":0.0076240114,"max":0.0083129623},"CH":{"count":61.0,"mean":0.0027688132,"std":0.0011836839,"min":0.0012079521,"1%":0.0012081309,"5%":0.0012193936,"10%":0.001445725,"33%":0.0018053992,"50%":0.0023863985,"66%":0.003700008,"75%":0.0041101099,"80%":0.0041499361,"90%":0.0042176389,"99%":0.0044654504,"max":0.0046988388},"CN":{"count":9143.0,"mean":0.0005071361,"std":0.0006352245,"min":0.0001000104,"1%":0.0001012179,"5%":0.0001068552,"10%":0.0001169748,"33%":0.0001665979,"50%":0.0002479067,"66%":0.0003635491,"75%":0.0006109395,"80%":0.0007167737,"90%":0.0013684484,"99%":0.0029817253,"max":0.0084718883},"CZ":{"count":252.0,"mean":0.004335579,"std":0.0050139822,"min":0.000120219,"1%":0.0001211217,"5%":0.0001237971,"10%":0.000132477,"33%":0.0005453532,"50%":0.0024519732,"66%":0.0050644103,"75%":0.0087718045,"80%":0.0089113555,"90%":0.0119518765,"99%":0.018851928,"max":0.0192647285},"DE":{"count":516.0,"mean":0.0010981617,"std":0.0009805923,"min":0.0001001825,"1%":0.0001042663,"5%":0.0001496965,"10%":0.0001919451,"33%":0.0005083064,"50%":0.0007552238,"66%":0.0011365047,"75%":0.0016923339,"80%":0.0019430225,"90%":0.002452434,"99%":0.0040551839,"max":0.008089988},"EE":{"count":46.0,"mean":0.0038696967,"std":0.0075585286,"min":0.000792232,"1%":0.0007925295,"5%":0.0007942214,"10%":0.0007978257,"33%":0.0008160216,"50%":0.0008371092,"66%":0.0008719136,"75%":0.0009156616,"80%":0.0009715285,"90%":0.0164668762,"99%":0.0304907839,"max":0.0315966249},"ES":{"count":536.0,"mean":0.0007548249,"std":0.0006121689,"min":0.0001002803,"1%":0.000101765,"5%":0.0001177799,"10%":0.0001290738,"33%":0.0004181534,"50%":0.0006389672,"66%":0.0009223449,"75%":0.0010851809,"80%":0.0011473986,"90%":0.0014517715,"99%":0.0027198446,"max":0.0049658388},"FI":{"count":477.0,"mean":0.0025838651,"std":0.0033709911,"min":0.0001152575,"1%":0.000117269,"5%":0.000159954,"10%":0.0002158884,"33%":0.0011598812,"50%":0.0016724732,"66%":0.0020277561,"75%":0.0023166762,"80%":0.0026873887,"90%":0.0076136387,"99%":0.0166760338,"max":0.0195772544},"FR":{"count":807.0,"mean":0.0011008594,"std":0.0019691068,"min":0.0001002547,"1%":0.0001014049,"5%":0.0001079766,"10%":0.0001212299,"33%":0.0002728203,"50%":0.0003804719,"66%":0.0006518718,"75%":0.0010652162,"80%":0.0011412236,"90%":0.0032248153,"99%":0.0125168182,"max":0.0135633259},"GB":{"count":242.0,"mean":0.000766087,"std":0.0011992855,"min":0.0001323906,"1%":0.0001327962,"5%":0.0001380103,"10%":0.0001984764,"33%":0.0002164949,"50%":0.0004232436,"66%":0.0004571558,"75%":0.0007600151,"80%":0.0007980158,"90%":0.0012690238,"99%":0.0060341832,"max":0.0070015587},"GR":{"count":208.0,"mean":0.0012089766,"std":0.0015404621,"min":0.000173189,"1%":0.0001733634,"5%":0.0001828744,"10%":0.0002007162,"33%":0.0002664153,"50%":0.0002940853,"66%":0.0010797277,"75%":0.0017745432,"80%":0.0019840812,"90%":0.00425275,"99%":0.0050417231,"max":0.0096531345},"HR":{"count":112.0,"mean":0.0046065608,"std":0.0032722289,"min":0.0005300669,"1%":0.0007513123,"5%":0.0009971088,"10%":0.0010510075,"33%":0.0028420029,"50%":0.0036565978,"66%":0.0039588315,"75%":0.0076484032,"80%":0.0079674887,"90%":0.0103633686,"99%":0.0111996808,"max":0.0123749017},"HU":{"count":268.0,"mean":0.0100648546,"std":0.014008968,"min":0.0001160992,"1%":0.0001400671,"5%":0.0003017043,"10%":0.0005288962,"33%":0.0021648425,"50%":0.003426325,"66%":0.0057403948,"75%":0.0127166051,"80%":0.0216243765,"90%":0.0301437622,"99%":0.0574417295,"max":0.0589650119},"ID":{"count":281.0,"mean":0.0005782881,"std":0.0007471715,"min":0.0001004115,"1%":0.0001014243,"5%":0.0001058935,"10%":0.0001107997,"33%":0.0001335597,"50%":0.0001834048,"66%":0.0003841142,"75%":0.0008322257,"80%":0.0009312563,"90%":0.0018176266,"99%":0.0033318333,"max":0.0041674506},"IE":{"count":57.0,"mean":0.002376406,"std":0.0021995163,"min":0.0002296179,"1%":0.0002296732,"5%":0.0002302776,"10%":0.000433588,"33%":0.0009009562,"50%":0.0017859503,"66%":0.0020221027,"75%":0.0049206153,"80%":0.0051871437,"90%":0.0052581352,"99%":0.0074700567,"max":0.0102819342},"IN":{"count":4020.0,"mean":0.0006139134,"std":0.0009315851,"min":0.0001000055,"1%":0.0001033825,"5%":0.0001096727,"10%":0.0001192161,"33%":0.00016329,"50%":0.0002757649,"66%":0.0004522432,"75%":0.0006856196,"80%":0.0007357795,"90%":0.0011935038,"99%":0.0045917172,"max":0.0093124548},"IT":{"count":460.0,"mean":0.0018335114,"std":0.0023928691,"min":0.0001102372,"1%":0.0001126593,"5%":0.0001349935,"10%":0.0001812916,"33%":0.0004369577,"50%":0.0008704056,"66%":0.0013160563,"75%":0.00241031,"80%":0.0033593683,"90%":0.0049821314,"99%":0.0113758588,"max":0.0134985846},"JP":{"count":136.0,"mean":0.0005288931,"std":0.0004954448,"min":0.0001070825,"1%":0.0001075124,"5%":0.0001107016,"10%":0.0001118577,"33%":0.0001834937,"50%":0.0002243155,"66%":0.0004694573,"75%":0.0012655775,"80%":0.0012969528,"90%":0.0013386895,"99%":0.001341799,"max":0.001341799},"KR":{"count":163.0,"mean":0.0011554114,"std":0.0015477134,"min":0.0001572337,"1%":0.0001577012,"5%":0.0001634185,"10%":0.0001723606,"33%":0.0002033385,"50%":0.0002191935,"66%":0.0002725343,"75%":0.0013615685,"80%":0.003311579,"90%":0.0040373773,"99%":0.0042075846,"max":0.0042075846},"LT":{"count":27.0,"mean":0.0152782331,"std":0.0177045809,"min":0.0001180923,"1%":0.000133422,"5%":0.0004208297,"10%":0.0017433351,"33%":0.0037078526,"50%":0.0069219087,"66%":0.011546949,"75%":0.0254906614,"80%":0.0257751615,"90%":0.0361115539,"99%":0.06244751,"max":0.0627915742},"LU":{"count":4.0,"mean":0.0085355304,"std":0.0007304895,"min":0.0079485227,"1%":0.0079566949,"5%":0.007989384,"10%":0.0080302453,"33%":0.0082182074,"50%":0.0082972736,"66%":0.008370562,"75%":0.0086799747,"80%":0.0088637901,"90%":0.009231421,"99%":0.0095622888,"max":0.0095990518},"LV":{"count":47.0,"mean":0.0100244689,"std":0.0199179592,"min":0.0001579101,"1%":0.0001582426,"5%":0.0001616912,"10%":0.0008290209,"33%":0.0036732105,"50%":0.0045781751,"66%":0.005639805,"75%":0.0089256762,"80%":0.0089417761,"90%":0.0231063269,"99%":0.098368734,"max":0.1055840963},"MX":{"count":939.0,"mean":0.0005510502,"std":0.0007578217,"min":0.0001004763,"1%":0.0001060943,"5%":0.0001169747,"10%":0.0001201178,"33%":0.0002184316,"50%":0.0002707389,"66%":0.0003814487,"75%":0.0006365779,"80%":0.0007629501,"90%":0.0014035584,"99%":0.0041000694,"max":0.0085318667},"NL":{"count":1.0,"mean":0.0001129329,