{"AT": {"count": 55.0, "mean": 0.002800291283819861, "std": 0.003429134149644398, "min": 7.041788920328024e-05, "1%": 0.00012923994034574147, "5%": 0.0005971901116460408, "10%": 0.0007203275991493172, "33%": 0.0007439437114630475, "50%": 0.0009935012279722925, "66%": 0.002731281036677931, "75%": 0.005667375491403574, "80%": 0.005700948797179502, "90%": 0.005861380639428448, "99%": 0.014479519970941948, "max": 0.020977235641429892}, "AU": {"count": 7344.0, "mean": 0.0008064495338989218, "std": 0.0014600530543614986, "min": 5.000245301224803e-05, "1%": 5.1493806483596366e-05, "5%": 5.459547621343448e-05, "10%": 6.649916603716418e-05, "33%": 0.0001477979610264913, "50%": 0.00031515946367048224, "66%": 0.0005411038245962275, "75%": 0.0008648209107690324, "80%": 0.0010677082502706873, "90%": 0.0019142019806256657, "99%": 0.006297507039343588, "max": 0.014993759643803848}, "BE": {"count": 85.0, "mean": 0.002439795748097528, "std": 0.002885801578762274, "min": 0.0004452958151455524, "1%": 0.0004732883369742095, "5%": 0.0005270061809993091, "10%": 0.0005957867708936873, "33%": 0.0007074380254635759, "50%": 0.001223776308312766, "66%": 0.0013174292304668062, "75%": 0.003399384532034243, "80%": 0.0037789073124923265, "90%": 0.006456298300520368, "99%": 0.009419166235413909, "max": 0.019690176619227607}, "BG": {"count": 621.0, "mean": 0.0051394505079447, "std": 0.007645289647144806, "min": 5.228230485414873e-05, "1%": 8.45332543640517e-05, "5%": 9.845076531872779e-05, "10%": 0.00011240864188290054, "33%": 0.0007992974809689564, "50%": 0.0019430227367633688, "66%": 0.003418868480637585, "75%": 0.006656250060743248, "80%": 0.009849755285709057, "90%": 0.01360720139059258, "99%": 0.03189084210914118, "max": 0.05209408663166086}, "BR": {"count": 2158.0, "mean": 0.00031571632466908026, "std": 0.00048272970342224324, "min": 5.0733260945479726e-05, "1%": 5.5914622486181335e-05, "5%": 5.828094033304912e-05, "10%": 6.0214485213507295e-05, "33%": 9.434354203181997e-05, "50%": 0.0001695639378421613, "66%": 0.00022665741611263532, "75%": 0.000287708357364145, "80%": 0.0004883558262215764, "90%": 0.0005746302416125178, "99%": 0.002471074067372488, "max": 0.004755534368855802}, "CA": {"count": 689.0, "mean": 0.0007825623428430741, "std": 0.0011264293195788456, "min": 5.1272973390234924e-05, "1%": 5.84290736782094e-05, "5%": 7.031614332674554e-05, "10%": 8.919835950926111e-05, "33%": 0.00026550303356949733, "50%": 0.00035967528142911797, "66%": 0.0006428032134476327, "75%": 0.0011225400659359824, "80%": 0.0011704724959699954, "90%": 0.0018282016798521247, "99%": 0.007570286051626472, "max": 0.008312962253494934}, "CH": {"count": 68.0, "mean": 0.002388741209488026, "std": 0.0014469660493458734, "min": 8.50872409632266e-05, "1%": 0.00026269937951823685, "5%": 0.00035459338045803736, "10%": 0.00036864873029145585, "33%": 0.0017198586706051908, "50%": 0.0021418347840645655, "66%": 0.003220746521907725, "75%": 0.0041006278135786835, "80%": 0.004132855164063854, "90%": 0.004215224058283609, "99%": 0.004438221753355589, "max": 0.004698838807829143}, "CN": {"count": 14988.0, "mean": 0.0003238993761528607, "std": 0.0005129269057287385, "min": 5.0002946305841454e-05, "1%": 5.060566694561604e-05, "5%": 5.323149300350628e-05, "10%": 5.7650895056325794e-05, "33%": 8.544496783740237e-05, "50%": 0.0001259356004230074, "66%": 0.00019606469675032464, "75%": 0.0002988912095313598, "80%": 0.0003759683321995167, "90%": 0.0008458147462179028, "99%": 0.002434409461362076, "max": 0.008471888342980774}, "CZ": {"count": 203.0, "mean": 0.006254079912895196, "std": 0.005979052957940062, "min": 0.0002851785462591073, "1%": 0.00028686377166163763, "5%": 0.0005359430351131049, "10%": 0.000545308977090067, "33%": 0.0024205096800429308, "50%": 0.004065508491671229, "66%": 0.008783843160318733, "75%": 0.00942596023712329, "80%": 0.011842919828862436, "90%": 0.015406246470389158, "99%": 0.022393215694864004, "max": 0.02239347759159951}, "DE": {"count": 522.0, "mean": 0.0010311639481953214, "std": 0.000997661478856902, "min": 5.86554269531051e-05, "1%": 6.606076789534074e-05, "5%": 7.799059605213871e-05, "10%": 0.00010451126895440808, "33%": 0.00030983104039827093, "50%": 0.0006307193904712387, "66%": 0.001143450186393371, "75%": 0.0016618826312600947, "80%": 0.0019088608917278162, "90%": 0.0024119255976952836, "99%": 0.004053824671523532, "max": 0.008089988046441237}, "EE": {"count": 7.0, "mean": 0.012023488867114327, "std": 0.007568674323958154, "min": 0.0009675025589872211, "1%": 0.0009677441170817775, "5%": 0.0009687103494600033, "10%": 0.0009699181399327855, "33%": 0.015300766719050056, "50%": 0.01597951936762502, "66%": 0.0166661357046894, "75%": 0.01682448890971092, "80%": 0.016902335424297223, "90%": 0.01697401731841294, "99%": 0.017000726012341486, "max": 0.017003693645000213}, "ES": {"count": 572.0, "mean": 0.0006672793039955015, "std": 0.0006321288083034378, "min": 5.582275401445559e-05, "1%": 5.997149008485667e-05, "5%": 8.89745067095146e-05, "10%": 9.774660169854064e-05, "33%": 0.00022710266748529793, "50%": 0.0004815826695881076, "66%": 0.0007512038835590302, "75%": 0.000989093837632298, "80%": 0.0011137065826530184, "90%": 0.0015507507638777632, "99%": 0.0026963128820180933, "max": 0.004965838791853438}, "FI": {"count": 548.0, "mean": 0.002448664274946182, "std": 0.0032302531368435267, "min": 5.379882720140834e-05, "1%": 5.741565596777239e-05, "5%": 9.299349261742593e-05, "10%": 0.0001653309577785666, "33%": 0.0010713639217902928, "50%": 0.00167639698137705, "66%": 0.0020631959038820264, "75%": 0.002353993531449717, "80%": 0.0027906099320426504, "90%": 0.00531683745657457, "99%": 0.015701125137324655, "max": 0.01957725438123045}, "FR": {"count": 1025.0, "mean": 0.0008593484981797763, "std": 0.0018008516803910857, "min": 5.070960881562732e-05, "1%": 5.2250743065733614e-05, "5%": 5.433723842329956e-05, "10%": 5.9433131438921973e-05, "33%": 0.00012165310263022305, "50%": 0.0002699631194431438, "66%": 0.00044363885738714007, "75%": 0.0006845931296278658, "80%": 0.0009209815336515862, "90%": 0.002727418731247313, "99%": 0.012505933788672045, "max": 0.013563325881086361}, "GB": {"count": 273.0, "mean": 0.0006801245851892302, "std": 0.0011530237810445875, "min": 5.051758650003215e-05, "1%": 5.2088823534759436e-05, "5%": 7.834674907574787e-05, "10%": 7.845725687375236e-05, "33%": 0.00020598283220186504, "50%": 0.00026628327608096747, "66%": 0.000447692993020009, "75%": 0.0007415797020825946, "80%": 0.0007768283878352715, "90%": 0.0012270932609924937, "99%": 0.006000853080351438, "max": 0.007001558678436458}, "GR": {"count": 203.0, "mean": 0.0013490980759027864, "std": 0.0014873113473553119, "min": 5.080142581465857e-05, "1%": 5.1139298392554575e-05, "5%": 5.4577014194256396e-05, "10%": 0.0001812853123846288, "33%": 0.00027573692178214617, "50%": 0.0006369469749129084, "66%": 0.0012082656234512269, "75%": 0.0019429811288299479, "80%": 0.00221321935776448, "90%": 0.00428458308191868, "99%": 0.005041723132702047, "max": 0.005041723132702047}, "HR": {"count": 78.0, "mean": 0.003143246582551493, "std": 0.0033301831721803017, "min": 0.00022931276188244582, "1%": 0.0002297527214303602, "5%": 0.0002316502531861554, "10%": 0.00023478925897130784, "33%": 0.001555389374148934, "50%": 0.0018754187712527784, "66%": 0.0027916761562937274, "75%": 0.004020905523073581, "80%": 0.005559711042146182, "90%": 0.008164293016258236, "99%": 0.012325727871551726, "max": 0.012335579298500935}, "HU": {"count": 300.0, "mean": 0.0086649550014915, "std": 0.013919391970671853, "min": 5.12363230177699e-05, "1%": 5.195476688005457e-05, "5%": 5.404218091411118e-05, "10%": 5.711095472281655e-05, "33%": 0.0005041241364595149, "50%": 0.0021366214834330965, "66%": 0.0035191742776651182, "75%": 0.009313413723106541, "80%": 0.01518328233352977, "90%": 0.03227376326774996, "99%": 0.05181136316141483, "max": 0.053021005426917435}, "ID": {"count": 637.0, "mean": 0.0002668499626646207, "std": 0.0005139390018854695,